Cycle,Time,T_parison,T_mold,T_gob,t_contact,t_cooling,Error,Reward
111,1496.32,990.9443573,377.9935396,1123,3.866920045,4.392008755,1.352579096,-1.352579096
112,1509.68,991.0079353,378.0521995,1123,3.866920045,4.392008755,1.289001167,-1.289001167
113,1523.04,991.0676698,378.107307,1123,3.866920045,4.392008755,1.229266598,-1.229266598
114,1536.4,991.1237917,378.1590769,1123,3.866920045,4.392008755,1.173144737,-1.173144737
115,1549.76,991.176518,378.2077111,1123,3.866920045,4.392008755,1.120418442,-1.120418442
116,1563.12,991.2260531,378.2533991,1123,3.866920045,4.392008755,1.070883355,-1.070883355
117,1576.48,991.2725892,378.2963194,1123,3.866920045,4.392008755,1.024347195,-1.024347195
118,1589.84,991.3163073,378.3366394,1123,3.866920045,4.392008755,0.980629092,-0.980629092
119,1603.2,991.3573775,378.3745165,1123,3.866920045,4.392008755,0.939558942,-0.939558942
120,1616.56,991.3959596,378.4100986,1123,3.866920045,4.392008755,0.900976794,-0.900976794
121,1629.92,991.4322042,378.4435247,1123,3.866920045,4.392008755,0.864732267,-0.864732267
122,1643.28,991.4662524,378.4749254,1123,3.866920045,4.392008755,0.830683994,-0.830683994
123,1656.64,991.4982373,378.5044233,1123,3.866920045,4.392008755,0.798699099,-0.798699099
124,1670,991.5282837,378.5321337,1123,3.866920045,4.392008755,0.7686527,-0.7686527
125,1683.36,991.556509,378.5581649,1123,3.866920045,4.392008755,0.740427431,-0.740427431
126,1696.72,991.5830234,378.5826187,1123,3.866920045,4.392008755,0.713913006,-0.713913006
127,1710.08,991.6079306,378.6055905,1123,3.866920045,4.392008755,0.689005793,-0.689005793
128,1723.44,991.631328,378.6271702,1123,3.866920045,4.392008755,0.665608419,-0.665608419
129,1736.8,991.653307,378.6474421,1123,3.866920045,4.392008755,0.643629394,-0.643629394
130,1750.16,991.6739537,378.6664856,1123,3.866920045,4.392008755,0.622982764,-0.622982764
131,1763.52,991.6933487,378.6843749,1123,3.866920045,4.392008755,0.603587772,-0.603587772
132,1776.88,991.7115679,378.7011801,1123,3.866920045,4.392008755,0.585368552,-0.585368552
133,1790.24,991.7286826,378.7169669,1123,3.866920045,4.392008755,0.568253828,-0.568253828
134,1803.6,991.7447598,378.7317969,1123,3.866920045,4.392008755,0.552176645,-0.552176645
135,1816.96,991.7598623,378.7457282,1123,3.866920045,4.392008755,0.537074101,-0.537074101
136,1830.32,991.7740493,378.7588152,1123,3.866920045,4.392008755,0.522887107,-0.522887107
137,1843.68,991.7873763,378.7711091,1123,3.866920045,4.392008755,0.509560155,-0.509560155
138,1857.04,991.7998953,378.7826579,1123,3.866920045,4.392008755,0.497041101,-0.497041101
139,1870.4,991.8116555,378.7935069,1123,3.866920045,4.392008755,0.485280962,-0.485280962
140,1883.76,991.8227027,378.8036983,1123,3.866920045,4.392008755,0.474233725,-0.474233725
141,1897.12,991.8330803,378.8132722,1123,3.866920045,4.392008755,0.463856167,-0.463856167
142,1910.48,991.8428287,378.8222658,1123,3.866920045,4.392008755,0.454107685,-0.454107685
143,1923.84,991.8519863,378.8307144,1123,3.866920045,4.392008755,0.444950139,-0.444950139
144,1937.2,991.8605887,378.8386509,1123,3.866920045,4.392008755,0.4363477,-0.4363477
145,1950.56,991.8686697,378.8461065,1123,3.866920045,4.392008755,0.428266713,-0.428266713
146,1963.92,991.8762609,378.8531103,1123,3.866920045,4.392008755,0.420675565,-0.420675565
147,1977.28,991.8833919,378.8596896,1123,3.866920045,4.392008755,0.413544557,-0.413544557
148,1990.64,991.8900906,378.8658702,1123,3.866920045,4.392008755,0.406845793,-0.406845793
149,2004,991.8963834,378.8716762,1123,3.866920045,4.392008755,0.400553068,-0.400553068
150,2017.36,991.9022947,378.8771304,1123,3.866920045,4.392008755,0.394641767,-0.394641767
151,2030.72,991.9078477,378.882254,1123,3.866920045,4.392008755,0.389088766,-0.389088766
152,2044.08,991.9130641,378.8870671,1123,3.866920045,4.392008755,0.383872345,-0.383872345
153,2057.44,991.9179643,378.8915886,1123,3.866920045,4.392008755,0.378972099,-0.378972099
154,2070.8,991.9225676,378.895836,1123,3.866920045,4.392008755,0.374368862,-0.374368862
155,2084.16,991.9268918,378.8998261,1123,3.866920045,4.392008755,0.37004463,-0.37004463
156,2097.52,991.9309539,378.9035743,1123,3.866920045,4.392008755,0.365982488,-0.365982488
157,2110.88,991.9347699,378.9070954,1123,3.866920045,4.392008755,0.362166551,-0.362166551
158,2124.24,991.9383545,378.9104031,1123,3.866920045,4.392008755,0.358581894,-0.358581894
159,2137.6,991.9417219,378.9135103,1123,3.866920045,4.392008755,0.355214497,-0.355214497
160,2150.96,991.9448852,378.9164292,1123,3.866920045,4.392008755,0.352051192,-0.352051192
161,2164.32,991.9478568,378.9191713,1123,3.866920045,4.392008755,0.349079607,-0.349079607
162,2177.68,991.9506483,378.9217472,1123,3.866920045,4.392008755,0.346288122,-0.346288122
163,2191.04,991.9532706,378.9241669,1123,3.866920045,4.392008755,0.343665819,-0.343665819
164,2204.4,991.955734,378.9264401,1123,3.866920045,4.392008755,0.341202445,-0.341202445
165,2217.76,991.9580481,378.9285754,1123,3.866920045,4.392008755,0.338888367,-0.338888367
166,2231.12,991.9602219,378.9305814,1123,3.866920045,4.392008755,0.336714536,-0.336714536
167,2244.48,991.962264,378.9324658,1123,3.866920045,4.392008755,0.33467245,-0.33467245
168,2257.84,991.9641823,378.934236,1123,3.866920045,4.392008755,0.332754126,-0.332754126
169,2271.2,991.9659844,378.9358989,1123,3.866920045,4.392008755,0.330952061,-0.330952061
170,2284.56,991.9676772,378.9374611,1123,3.866920045,4.392008755,0.32925921,-0.32925921
171,2297.92,991.9692675,378.9389286,1123,3.866920045,4.392008755,0.327668954,-0.327668954
172,2311.28,991.9707614,378.9403071,1123,3.866920045,4.392008755,0.326175073,-0.326175073
173,2324.64,991.9721647,378.9416022,1123,3.866920045,4.392008755,0.324771728,-0.324771728
174,2338,991.973483,378.9428187,1123,3.866920045,4.392008755,0.323453431,-0.323453431
175,2351.36,991.9747214,378.9439615,1123,3.866920045,4.392008755,0.322215027,-0.322215027
176,2364.72,991.9758848,378.9450351,1123,3.866920045,4.392008755,0.321051674,-0.321051674
177,2378.08,991.9769776,378.9460436,1123,3.866920045,4.392008755,0.319958825,-0.319958825
178,2391.44,991.9780042,378.9469909,1123,3.866920045,4.392008755,0.318932206,-0.318932206
179,2404.8,991.9789686,378.9478809,1123,3.866920045,4.392008755,0.317967802,-0.317967802
180,2418.16,991.9798746,378.9487169,1123,3.866920045,4.392008755,0.317061844,-0.317061844
181,2431.52,991.9807256,378.9495023,1123,3.866920045,4.392008755,0.31621079,-0.31621079
182,2444.88,991.9815251,378.9502401,1123,3.866920045,4.392008755,0.315411311,-0.315411311
183,2458.24,991.9822761,378.9509332,1123,3.866920045,4.392008755,0.314660283,-0.314660283
184,2471.6,991.9829817,378.9515842,1123,3.866920045,4.392008755,0.313954769,-0.313954769
185,2484.96,991.9836444,378.9521958,1123,3.866920045,4.392008755,0.313292011,-0.313292011
186,2498.32,991.984267,378.9527704,1123,3.866920045,4.392008755,0.312669417,-0.312669417
187,2511.68,991.9848519,378.9533101,1123,3.866920045,4.392008755,0.312084553,-0.312084553
188,2525.04,991.9854013,378.9538171,1123,3.866920045,4.392008755,0.311535133,-0.311535133
189,2538.4,991.9859174,378.9542934,1123,3.866920045,4.392008755,0.311019009,-0.311019009
190,2551.76,991.9864023,378.9547409,1123,3.866920045,4.392008755,0.310534163,-0.310534163
191,2565.12,991.9868577,378.9551612,1123,3.866920045,4.392008755,0.3100787,-0.3100787
192,2578.48,991.9872856,378.955556,1123,3.866920045,4.392008755,0.309650838,-0.309650838
193,2591.84,991.9876875,378.955927,1123,3.866920045,4.392008755,0.309248905,-0.309248905
194,2605.2,991.9880651,378.9562754,1123,3.866920045,4.392008755,0.30887133,-0.30887133
195,2618.56,991.9884198,378.9566027,1123,3.866920045,4.392008755,0.308516636,-0.308516636
196,2631.92,991.988753,378.9569102,1123,3.866920045,4.392008755,0.308183438,-0.308183438
197,2645.28,991.989066,378.9571991,1123,3.866920045,4.392008755,0.307870431,-0.307870431
198,2658.64,991.98936,378.9574704,1123,3.866920045,4.392008755,0.307576394,-0.307576394
199,2672,991.9896363,378.9577253,1123,3.866920045,4.392008755,0.307300175,-0.307300175
200,2685.36,991.9898957,378.9579648,1123,3.866920045,4.392008755,0.307040695,-0.307040695
201,2698.72,991.9901395,378.9581897,1123,3.866920045,4.392008755,0.30679694,-0.30679694
202,2712.08,991.9903685,378.958401,1123,3.866920045,4.392008755,0.306567957,-0.306567957
203,2725.44,991.9905836,378.9585996,1123,3.866920045,4.392008755,0.30635285,-0.30635285
204,2738.8,991.9907856,378.958786,1123,3.866920045,4.392008755,0.30615078,-0.30615078
205,2752.16,991.9909755,378.9589612,1123,3.866920045,4.392008755,0.305960954,-0.305960954
206,2765.52,991.9911538,378.9591258,1123,3.866920045,4.392008755,0.305782633,-0.305782633
207,2778.88,991.9913213,378.9592804,1123,3.866920045,4.392008755,0.305615118,-0.305615118
208,2792.24,991.9914787,378.9594256,1123,3.866920045,4.392008755,0.305457754,-0.305457754
209,2805.6,991.9916265,378.959562,1123,3.866920045,4.392008755,0.305309927,-0.305309927
210,2818.96,991.9917654,378.9596902,1123,3.866920045,4.392008755,0.305171058,-0.305171058
211,2832.32,991.9918958,378.9598106,1123,3.866920045,4.392008755,0.305040605,-0.305040605
212,2845.68,991.9920184,378.9599236,1123,3.866920045,4.392008755,0.304918057,-0.304918057
213,2859.04,991.9921335,378.9600299,1123,3.866920045,4.392008755,0.304802936,-0.304802936
214,2872.4,991.9922416,378.9601297,1123,3.866920045,4.392008755,0.304694791,-0.304694791
215,2885.76,991.9923432,378.9602234,1123,3.866920045,4.392008755,0.3045932,-0.3045932
216,2899.12,991.9924387,378.9603115,1123,3.866920045,4.392008755,0.304497765,-0.304497765
217,2912.48,991.9925283,378.9603942,1123,3.866920045,4.392008755,0.304408114,-0.304408114
218,2925.84,991.9926125,378.960472,1123,3.866920045,4.392008755,0.304323895,-0.304323895
219,2939.2,991.9926916,378.960545,1123,3.866920045,4.392008755,0.304244781,-0.304244781
220,2952.56,991.992766,378.9606136,1123,3.866920045,4.392008755,0.30417046,-0.30417046
221,2965.92,991.9928358,378.960678,1123,3.866920045,4.392008755,0.304100644,-0.304100644
222,2979.28,991.9929014,378.9607385,1123,3.866920045,4.392008755,0.304035059,-0.304035059
223,2992.64,991.992963,378.9607954,1123,3.866920045,4.392008755,0.303973448,-0.303973448
224,3006,991.9930209,378.9608488,1123,3.866920045,4.392008755,0.30391557,-0.30391557
225,3019.36,991.9930752,378.960899,1123,3.866920045,4.392008755,0.3038612,-0.3038612
226,3032.72,991.9931263,378.9609461,1123,3.866920045,4.392008755,0.303810125,-0.303810125
227,3046.08,991.9931743,378.9609904,1123,3.866920045,4.392008755,0.303762145,-0.303762145
228,3059.44,991.9932194,378.961032,1123,3.866920045,4.392008755,0.303717073,-0.303717073
229,3072.8,991.9932617,378.961071,1123,3.866920045,4.392008755,0.303674732,-0.303674732
230,3086.16,991.9933015,378.9611078,1123,3.866920045,4.392008755,0.303634957,-0.303634957
231,3099.52,991.9933388,378.9611422,1123,3.866920045,4.392008755,0.303597592,-0.303597592
232,3112.88,991.9933739,378.9611746,1123,3.866920045,4.392008755,0.303562492,-0.303562492
233,3126.24,991.9934069,378.9612051,1123,3.866920045,4.392008755,0.303529519,-0.303529519
234,3139.6,991.9934379,378.9612336,1123,3.866920045,4.392008755,0.303498544,-0.303498544
235,3152.96,991.993467,378.9612605,1123,3.866920045,4.392008755,0.303469446,-0.303469446
236,3166.32,991.9934943,378.9612857,1123,3.866920045,4.392008755,0.303442111,-0.303442111
237,3179.68,991.99352,378.9613094,1123,3.866920045,4.392008755,0.303416433,-0.303416433
238,3193.04,991.9935441,378.9613317,1123,3.866920045,4.392008755,0.303392311,-0.303392311
239,3206.4,991.9935668,378.9613526,1123,3.866920045,4.392008755,0.303369651,-0.303369651
240,3219.76,991.9935881,378.9613722,1123,3.866920045,4.392008755,0.303348364,-0.303348364
241,3233.12,991.9936081,378.9613907,1123,3.866920045,4.392008755,0.303328367,-0.303328367
242,3246.48,991.9936268,378.961408,1123,3.866920045,4.392008755,0.303309582,-0.303309582
243,3259.84,991.9936445,378.9614243,1123,3.866920045,4.392008755,0.303291935,-0.303291935
244,3273.2,991.9936611,378.9614396,1123,3.866920045,4.392008755,0.303275358,-0.303275358
245,3286.56,991.9936766,378.961454,1123,3.866920045,4.392008755,0.303259785,-0.303259785
246,3299.92,991.9936913,378.9614675,1123,3.866920045,4.392008755,0.303245156,-0.303245156
247,3313.28,991.993705,378.9614802,1123,3.866920045,4.392008755,0.303231414,-0.303231414
248,3326.64,991.9937179,378.9614921,1123,3.866920045,4.392008755,0.303218504,-0.303218504
249,3340,991.9937301,378.9615033,1123,3.866920045,4.392008755,0.303206377,-0.303206377
250,3353.36,991.9937414,378.9615138,1123,3.866920045,4.392008755,0.303194984,-0.303194984
251,3366.72,991.9937521,378.9615237,1123,3.866920045,4.392008755,0.303184282,-0.303184282
252,3380.08,991.9937622,378.9615329,1123,3.866920045,4.392008755,0.303174229,-0.303174229
253,3393.44,991.9937716,378.9615417,1123,3.866920045,4.392008755,0.303164784,-0.303164784
254,3406.8,991.9937805,378.9615498,1123,3.866920045,4.392008755,0.303155912,-0.303155912
255,3420.16,991.9937889,378.9615575,1123,3.866920045,4.392008755,0.303147578,-0.303147578
256,3433.52,991.9937967,378.9615648,1123,3.866920045,4.392008755,0.303139749,-0.303139749
257,3446.88,991.993804,378.9615715,1123,3.866920045,4.392008755,0.303132394,-0.303132394
258,3460.24,991.9938109,378.9615779,1123,3.866920045,4.392008755,0.303125485,-0.303125485
259,3473.6,991.9938174,378.9615839,1123,3.866920045,4.392008755,0.303118995,-0.303118995
260,3486.96,991.9938235,378.9615895,1123,3.866920045,4.392008755,0.303112898,-0.303112898
261,3500.32,991.9938293,378.9615948,1123,3.866920045,4.392008755,0.30310717,-0.30310717
262,3513.68,991.9938346,378.9615998,1123,3.866920045,4.392008755,0.303101789,-0.303101789
263,3527.04,991.9938397,378.9616045,1123,3.866920045,4.392008755,0.303096735,-0.303096735
264,3540.4,991.9938444,378.9616088,1123,3.866920045,4.392008755,0.303091987,-0.303091987
265,3553.76,991.9938489,378.9616129,1123,3.866920045,4.392008755,0.303087527,-0.303087527
266,3567.12,991.9938531,378.9616168,1123,3.866920045,4.392008755,0.303083336,-0.303083336
267,3580.48,991.993857,378.9616204,1123,3.866920045,4.392008755,0.3030794,-0.3030794
268,3593.84,991.9938607,378.9616239,1123,3.866920045,4.392008755,0.303075703,-0.303075703
269,3607.2,991.9938642,378.9616271,1123,3.866920045,4.392008755,0.303072229,-0.303072229
270,3620.56,991.9938675,378.9616301,1123,3.866920045,4.392008755,0.303068966,-0.303068966
271,3633.92,991.9938705,378.9616329,1123,3.866920045,4.392008755,0.303065901,-0.303065901
272,3647.28,991.9938734,378.9616356,1123,3.866920045,4.392008755,0.303063021,-0.303063021
273,3660.64,991.9938761,378.9616381,1123,3.866920045,4.392008755,0.303060316,-0.303060316
274,3674,991.9938787,378.9616404,1123,3.866920045,4.392008755,0.303057775,-0.303057775
275,3687.36,991.993881,378.9616426,1123,3.866920045,4.392008755,0.303055388,-0.303055388
276,3700.72,991.9938833,378.9616447,1123,3.866920045,4.392008755,0.303053145,-0.303053145
277,3714.08,991.9938854,378.9616466,1123,3.866920045,4.392008755,0.303051039,-0.303051039
278,3727.44,991.9938874,378.9616484,1123,3.866920045,4.392008755,0.30304906,-0.30304906
279,3740.8,991.9938892,378.9616502,1123,3.866920045,4.392008755,0.303047201,-0.303047201
280,3754.16,991.993891,378.9616518,1123,3.866920045,4.392008755,0.303045455,-0.303045455
281,3767.52,991.9938926,378.9616533,1123,3.866920045,4.392008755,0.303043814,-0.303043814
282,3780.88,991.9938942,378.9616547,1123,3.866920045,4.392008755,0.303042273,-0.303042273
283,3794.24,991.9938956,378.961656,1123,3.866920045,4.392008755,0.303040825,-0.303040825
284,3807.6,991.993897,378.9616573,1123,3.866920045,4.392008755,0.303039465,-0.303039465
285,3820.96,991.9938982,378.9616585,1123,3.866920045,4.392008755,0.303038188,-0.303038188
286,3834.32,991.9938994,378.9616596,1123,3.866920045,4.392008755,0.303036988,-0.303036988
287,3847.68,991.9939006,378.9616606,1123,3.866920045,4.392008755,0.30303586,-0.30303586
288,3861.04,991.9939016,378.9616616,1123,3.866920045,4.392008755,0.303034801,-0.303034801
289,3874.4,991.9939026,378.9616625,1123,3.866920045,4.392008755,0.303033806,-0.303033806
290,3887.76,991.9939036,378.9616634,1123,3.866920045,4.392008755,0.303032872,-0.303032872
291,3901.12,991.9939044,378.9616642,1123,3.866920045,4.392008755,0.303031994,-0.303031994
292,3914.48,991.9939053,378.961665,1123,3.866920045,4.392008755,0.303031169,-0.303031169
293,3927.84,991.993906,378.9616657,1123,3.866920045,4.392008755,0.303030394,-0.303030394
294,3941.2,991.9939068,378.9616663,1123,3.866920045,4.392008755,0.303029666,-0.303029666
295,3954.56,991.9939074,378.961667,1123,3.866920045,4.392008755,0.303028982,-0.303028982
296,3967.92,991.9939081,378.9616676,1123,3.866920045,4.392008755,0.30302834,-0.30302834
297,3981.28,991.9939087,378.9616681,1123,3.866920045,4.392008755,0.303027737,-0.303027737
298,3994.64,991.9939093,378.9616687,1123,3.866920045,4.392008755,0.30302717,-0.30302717
299,4008,991.9939098,378.9616691,1123,3.866920045,4.392008755,0.303026638,-0.303026638
300,4021.36,991.9939103,378.9616696,1123,3.866920045,4.392008755,0.303026137,-0.303026137
301,4034.72,991.9939108,378.96167,1123,3.866920045,4.392008755,0.303025667,-0.303025667
302,4048.08,991.9939112,378.9616704,1123,3.866920045,4.392008755,0.303025226,-0.303025226
303,4061.44,991.9939116,378.9616708,1123,3.866920045,4.392008755,0.303024811,-0.303024811
304,4074.8,991.993912,378.9616712,1123,3.866920045,4.392008755,0.303024422,-0.303024422
305,4088.16,991.9939124,378.9616715,1123,3.866920045,4.392008755,0.303024056,-0.303024056
306,4101.52,991.9939127,378.9616718,1123,3.866920045,4.392008755,0.303023712,-0.303023712
307,4114.88,991.993913,378.9616721,1123,3.866920045,4.392008755,0.303023389,-0.303023389
308,4128.24,991.9939133,378.9616724,1123,3.866920045,4.392008755,0.303023086,-0.303023086
309,4141.6,991.9939136,378.9616727,1123,3.866920045,4.392008755,0.303022801,-0.303022801
310,4154.96,991.9939139,378.9616729,1123,3.866920045,4.392008755,0.303022533,-0.303022533
311,4168.32,991.9939141,378.9616732,1123,3.866920045,4.392008755,0.303022282,-0.303022282
312,4181.68,991.9939144,378.9616734,1123,3.866920045,4.392008755,0.303022046,-0.303022046
313,4195.04,991.9939146,378.9616736,1123,3.866920045,4.392008755,0.303021824,-0.303021824
314,4208.4,991.9939148,378.9616738,1123,3.866920045,4.392008755,0.303021615,-0.303021615
315,4221.76,991.993915,378.961674,1123,3.866920045,4.392008755,0.303021419,-0.303021419
316,4235.12,991.9939152,378.9616741,1123,3.866920045,4.392008755,0.303021235,-0.303021235
317,4248.48,991.9939154,378.9616743,1123,3.866920045,4.392008755,0.303021063,-0.303021063
318,4261.84,991.9939155,378.9616744,1123,3.866920045,4.392008755,0.3030209,-0.3030209
319,4275.2,991.9939157,378.9616746,1123,3.866920045,4.392008755,0.303020748,-0.303020748
320,4288.56,991.9939158,378.9616747,1123,3.866920045,4.392008755,0.303020604,-0.303020604
321,4301.92,991.993916,378.9616748,1123,3.866920045,4.392008755,0.30302047,-0.30302047
322,4315.28,991.9939161,378.9616749,1123,3.866920045,4.392008755,0.303020343,-0.303020343
323,4328.64,991.9939162,378.9616751,1123,3.866920045,4.392008755,0.303020225,-0.303020225
324,4342,991.9939163,378.9616752,1123,3.866920045,4.392008755,0.303020113,-0.303020113
325,4355.36,991.9939164,378.9616753,1123,3.866920045,4.392008755,0.303020008,-0.303020008
326,4368.72,991.9939165,378.9616754,1123,3.866920045,4.392008755,0.30301991,-0.30301991
327,4382.08,991.9939166,378.9616754,1123,3.866920045,4.392008755,0.303019817,-0.303019817
328,4395.44,991.9939167,378.9616755,1123,3.866920045,4.392008755,0.30301973,-0.30301973
329,4408.8,991.9939168,378.9616756,1123,3.866920045,4.392008755,0.303019649,-0.303019649
330,4422.16,991.9939169,378.9616757,1123,3.866920045,4.392008755,0.303019572,-0.303019572
331,4435.52,991.9939169,378.9616757,1123,3.866920045,4.392008755,0.3030195,-0.3030195
332,4448.88,991.993917,378.9616758,1123,3.866920045,4.392008755,0.303019432,-0.303019432
333,4462.24,991.9939171,378.9616758,1123,3.866920045,4.392008755,0.303019369,-0.303019369
334,4475.6,991.9939171,378.9616759,1123,3.866920045,4.392008755,0.303019309,-0.303019309
335,4488.96,991.9939172,378.961676,1123,3.866920045,4.392008755,0.303019253,-0.303019253
336,4502.32,991.9939172,378.961676,1123,3.866920045,4.392008755,0.3030192,-0.3030192
337,4515.68,991.9939173,378.9616761,1123,3.866920045,4.392008755,0.303019151,-0.303019151
338,4529.04,991.9939173,378.9616761,1123,3.866920045,4.392008755,0.303019104,-0.303019104
339,4542.4,991.9939174,378.9616761,1123,3.866920045,4.392008755,0.303019061,-0.303019061
340,4555.76,991.9939174,378.9616762,1123,3.866920045,4.392008755,0.30301902,-0.30301902
341,4569.12,991.9939174,378.9616762,1123,3.866920045,4.392008755,0.303018981,-0.303018981
342,4582.48,991.9939175,378.9616762,1123,3.866920045,4.392008755,0.303018945,-0.303018945
343,4595.84,991.9939175,378.9616763,1123,3.866920045,4.392008755,0.303018911,-0.303018911
344,4609.2,991.9939175,378.9616763,1123,3.866920045,4.392008755,0.303018879,-0.303018879
345,4622.56,991.9939176,378.9616763,1123,3.866920045,4.392008755,0.303018849,-0.303018849
346,4635.92,991.9939176,378.9616764,1123,3.866920045,4.392008755,0.303018821,-0.303018821
347,4649.28,991.9939176,378.9616764,1123,3.866920045,4.392008755,0.303018794,-0.303018794
348,4662.64,991.9939177,378.9616764,1123,3.866920045,4.392008755,0.303018769,-0.303018769
349,4676,991.9939177,378.9616764,1123,3.866920045,4.392008755,0.303018746,-0.303018746
350,4689.36,991.9939177,378.9616764,1123,3.866920045,4.392008755,0.303018724,-0.303018724
351,4702.72,991.9939177,378.9616765,1123,3.866920045,4.392008755,0.303018703,-0.303018703
352,4716.08,991.9939177,378.9616765,1123,3.866920045,4.392008755,0.303018684,-0.303018684
353,4729.44,991.9939178,378.9616765,1123,3.866920045,4.392008755,0.303018666,-0.303018666
354,4742.8,991.9939178,378.9616765,1123,3.866920045,4.392008755,0.303018649,-0.303018649
355,4756.16,991.9939178,378.9616765,1123,3.866920045,4.392008755,0.303018633,-0.303018633
356,4769.52,991.9939178,378.9616765,1123,3.866920045,4.392008755,0.303018618,-0.303018618
357,4782.88,991.9939178,378.9616766,1123,3.866920045,4.392008755,0.303018603,-0.303018603
358,4796.24,991.9939178,378.9616766,1123,3.866920045,4.392008755,0.30301859,-0.30301859
359,4809.6,991.9939179,378.9616766,1123,3.866920045,4.392008755,0.303018578,-0.303018578
360,4822.96,991.9939179,378.9616766,1123,3.866920045,4.392008755,0.303018566,-0.303018566
361,4836.32,991.9939179,378.9616766,1123,3.866920045,4.392008755,0.303018555,-0.303018555
362,4849.68,991.9939179,378.9616766,1123,3.866920045,4.392008755,0.303018544,-0.303018544
363,4863.04,991.9939179,378.9616766,1123,3.866920045,4.392008755,0.303018535,-0.303018535
364,4876.4,991.9939179,378.9616766,1123,3.866920045,4.392008755,0.303018526,-0.303018526
365,4889.76,991.9939179,378.9616766,1123,3.866920045,4.392008755,0.303018517,-0.303018517
366,4903.12,991.9939179,378.9616766,1123,3.866920045,4.392008755,0.303018509,-0.303018509
367,4916.48,991.9939179,378.9616766,1123,3.866920045,4.392008755,0.303018501,-0.303018501
368,4929.84,991.9939179,378.9616767,1123,3.866920045,4.392008755,0.303018494,-0.303018494
369,4943.2,991.9939179,378.9616767,1123,3.866920045,4.392008755,0.303018487,-0.303018487
370,4956.56,991.9939179,378.9616767,1123,3.866920045,4.392008755,0.303018481,-0.303018481
371,4969.92,991.993918,378.9616767,1123,3.866920045,4.392008755,0.303018475,-0.303018475
372,4983.28,991.993918,378.9616767,1123,3.866920045,4.392008755,0.30301847,-0.30301847
373,4996.64,991.993918,378.9616767,1123,3.866920045,4.392008755,0.303018464,-0.303018464
374,5010,991.993918,378.9616767,1123,3.866920045,4.392008755,0.30301846,-0.30301846
375,5023.36,991.993918,378.9616767,1123,3.866920045,4.392008755,0.303018455,-0.303018455
376,5036.72,991.993918,378.9616767,1123,3.866920045,4.392008755,0.303018451,-0.303018451
377,5050.08,991.993918,378.9616767,1123,3.866920045,4.392008755,0.303018447,-0.303018447
378,5063.44,991.993918,378.9616767,1123,3.866920045,4.392008755,0.303018443,-0.303018443
379,5076.8,991.993918,378.9616767,1123,3.866920045,4.392008755,0.303018439,-0.303018439
380,5090.16,991.993918,378.9616767,1123,3.866920045,4.392008755,0.303018436,-0.303018436
381,5103.52,991.993918,378.9616767,1123,3.866920045,4.392008755,0.303018433,-0.303018433
382,5116.88,991.993918,378.9616767,1123,3.866920045,4.392008755,0.30301843,-0.30301843
383,5130.24,991.993918,378.9616767,1123,3.866920045,4.392008755,0.303018427,-0.303018427
384,5143.6,991.993918,378.9616767,1123,3.866920045,4.392008755,0.303018424,-0.303018424
385,5156.96,991.993918,378.9616767,1123,3.866920045,4.392008755,0.303018422,-0.303018422
386,5170.32,991.993918,378.9616767,1123,3.866920045,4.392008755,0.303018419,-0.303018419
387,5183.68,991.993918,378.9616767,1123,3.866920045,4.392008755,0.303018417,-0.303018417
388,5197.04,991.993918,378.9616767,1123,3.866920045,4.392008755,0.303018415,-0.303018415
389,5210.4,991.993918,378.9616767,1123,3.866920045,4.392008755,0.303018413,-0.303018413
390,5223.76,991.993918,378.9616767,1123,3.866920045,4.392008755,0.303018412,-0.303018412
391,5237.12,991.993918,378.9616767,1123,3.866920045,4.392008755,0.30301841,-0.30301841
392,5250.48,991.993918,378.9616767,1123,3.866920045,4.392008755,0.303018408,-0.303018408
393,5263.84,991.993918,378.9616767,1123,3.866920045,4.392008755,0.303018407,-0.303018407
394,5277.2,991.993918,378.9616767,1123,3.866920045,4.392008755,0.303018405,-0.303018405
395,5290.56,991.993918,378.9616767,1123,3.866920045,4.392008755,0.303018404,-0.303018404
396,5303.92,991.993918,378.9616767,1123,3.866920045,4.392008755,0.303018403,-0.303018403
397,5317.28,991.993918,378.9616767,1123,3.866920045,4.392008755,0.303018402,-0.303018402
398,5330.64,991.993918,378.9616767,1123,3.866920045,4.392008755,0.303018401,-0.303018401
399,5344,991.993918,378.9616767,1123,3.866920045,4.392008755,0.3030184,-0.3030184
400,5357.36,991.993918,378.9616767,1123,3.866920045,4.392008755,0.303018399,-0.303018399
401,5370.72,991.993918,378.9616767,1123,3.866920045,4.392008755,0.303018398,-0.303018398
402,5384.08,991.993918,378.9616767,1123,3.866920045,4.392008755,0.303018397,-0.303018397
403,5397.44,991.993918,378.9616767,1123,3.866920045,4.392008755,0.303018396,-0.303018396
404,5410.8,991.993918,378.9616767,1123,3.866920045,4.392008755,0.303018395,-0.303018395
405,5424.16,991.993918,378.9616767,1123,3.866920045,4.392008755,0.303018395,-0.303018395
406,5437.52,991.993918,378.9616767,1123,3.866920045,4.392008755,0.303018394,-0.303018394
407,5450.88,991.993918,378.9616767,1123,3.866920045,4.392008755,0.303018393,-0.303018393
408,5464.24,991.993918,378.9616768,1123,3.866920045,4.392008755,0.303018393,-0.303018393
409,5477.6,991.993918,378.9616768,1123,3.866920045,4.392008755,0.303018392,-0.303018392
410,5490.96,991.993918,378.9616768,1123,3.866920045,4.392008755,0.303018392,-0.303018392
411,5504.32,991.993918,378.9616768,1123,3.866920045,4.392008755,0.303018391,-0.303018391
412,5517.68,991.993918,378.9616768,1123,3.866920045,4.392008755,0.303018391,-0.303018391
413,5531.04,991.993918,378.9616768,1123,3.866920045,4.392008755,0.30301839,-0.30301839
414,5544.4,991.993918,378.9616768,1123,3.866920045,4.392008755,0.30301839,-0.30301839
415,5557.76,991.993918,378.9616768,1123,3.866920045,4.392008755,0.303018389,-0.303018389
416,5571.12,991.993918,378.9616768,1123,3.866920045,4.392008755,0.303018389,-0.303018389
417,5584.48,991.993918,378.9616768,1123,3.866920045,4.392008755,0.303018389,-0.303018389
418,5597.84,991.993918,378.9616768,1123,3.866920045,4.392008755,0.303018388,-0.303018388
419,5611.2,991.993918,378.9616768,1123,3.866920045,4.392008755,0.303018388,-0.303018388
420,5624.56,991.993918,378.9616768,1123,3.866920045,4.392008755,0.303018388,-0.303018388
421,5637.92,991.993918,378.9616768,1123,3.866920045,4.392008755,0.303018388,-0.303018388
422,5651.28,991.993918,378.9616768,1123,3.866920045,4.392008755,0.303018387,-0.303018387
423,5664.64,991.993918,378.9616768,1123,3.866920045,4.392008755,0.303018387,-0.303018387
424,5678,991.993918,378.9616768,1123,3.866920045,4.392008755,0.303018387,-0.303018387
425,5691.36,991.993918,378.9616768,1123,3.866920045,4.392008755,0.303018387,-0.303018387
426,5704.72,991.993918,378.9616768,1123,3.866920045,4.392008755,0.303018387,-0.303018387
427,5718.08,991.993918,378.9616768,1123,3.866920045,4.392008755,0.303018386,-0.303018386
428,5731.44,991.993918,378.9616768,1123,3.866920045,4.392008755,0.303018386,-0.303018386
429,5744.8,991.993918,378.9616768,1123,3.866920045,4.392008755,0.303018386,-0.303018386
430,5758.16,991.993918,378.9616768,1123,3.866920045,4.392008755,0.303018386,-0.303018386
431,5771.52,991.993918,378.9616768,1123,3.866920045,4.392008755,0.303018386,-0.303018386
432,5784.88,991.993918,378.9616768,1123,3.866920045,4.392008755,0.303018386,-0.303018386
433,5798.24,991.993918,378.9616768,1123,3.866920045,4.392008755,0.303018386,-0.303018386
434,5811.6,991.993918,378.9616768,1123,3.866920045,4.392008755,0.303018385,-0.303018385
435,5824.96,991.993918,378.9616768,1123,3.866920045,4.392008755,0.303018385,-0.303018385
436,5838.32,991.993918,378.9616768,1123,3.866920045,4.392008755,0.303018385,-0.303018385
437,5851.68,991.993918,378.9616768,1123,3.866920045,4.392008755,0.303018385,-0.303018385
438,5865.04,991.993918,378.9616768,1123,3.866920045,4.392008755,0.303018385,-0.303018385
439,5878.4,991.993918,378.9616768,1123,3.866920045,4.392008755,0.303018385,-0.303018385
440,5891.76,991.993918,378.9616768,1123,3.866920045,4.392008755,0.303018385,-0.303018385
441,5905.12,991.993918,378.9616768,1123,3.866920045,4.392008755,0.303018385,-0.303018385
442,5918.48,991.993918,378.9616768,1123,3.866920045,4.392008755,0.303018385,-0.303018385
443,5931.84,991.993918,378.9616768,1123,3.866920045,4.392008755,0.303018385,-0.303018385
444,5945.2,991.993918,378.9616768,1123,3.866920045,4.392008755,0.303018385,-0.303018385
445,5958.56,991.993918,378.9616768,1123,3.866920045,4.392008755,0.303018385,-0.303018385
446,5971.92,991.993918,378.9616768,1123,3.866920045,4.392008755,0.303018384,-0.303018384
447,5985.28,991.993918,378.9616768,1123,3.866920045,4.392008755,0.303018384,-0.303018384
448,5998.64,991.993918,378.9616768,1123,3.866920045,4.392008755,0.303018384,-0.303018384
449,6012,991.993918,378.9616768,1123,3.866920045,4.392008755,0.303018384,-0.303018384
450,6025.36,991.993918,378.9616768,1123,3.866920045,4.392008755,0.303018384,-0.303018384
451,6038.72,991.993918,378.9616768,1123,3.866920045,4.392008755,0.303018384,-0.303018384
452,6052.08,991.993918,378.9616768,1123,3.866920045,4.392008755,0.303018384,-0.303018384
453,6065.44,991.993918,378.9616768,1123,3.866920045,4.392008755,0.303018384,-0.303018384
454,6078.8,991.993918,378.9616768,1123,3.866920045,4.392008755,0.303018384,-0.303018384
455,6092.16,991.993918,378.9616768,1123,3.866920045,4.392008755,0.303018384,-0.303018384
456,6105.52,991.993918,378.9616768,1123,3.866920045,4.392008755,0.303018384,-0.303018384
457,6118.88,991.993918,378.9616768,1123,3.866920045,4.392008755,0.303018384,-0.303018384
458,6132.24,991.993918,378.9616768,1123,3.866920045,4.392008755,0.303018384,-0.303018384
459,6145.6,991.993918,378.9616768,1123,3.866920045,4.392008755,0.303018384,-0.303018384
